{
  "builder_name": null,
  "citation": "",
  "config_name": null,
  "dataset_size": null,
  "description": "",
  "download_checksums": null,
  "download_size": null,
  "features": {
    "sentence": {
      "dtype": "string",
      "id": null,
      "_type": "Value"
    },
    "label": {
      "dtype": "string",
      "id": null,
      "_type": "Value"
    }
  },
  "homepage": "",
  "license": "",
  "post_processed": null,
  "post_processing_size": null,
  "size_in_bytes": null,
  "splits": null,
  "supervised_keys": null,
  "task_templates": null,
  "version": null
}